{
  "республика тыва": 1.0010614343287199,
  "республика алтай": 1.075832427474053,
  "еврейская автономная область": 1.0846669978122072,
  "республика калмыкия": 1.097243271387485,
  "ненецкий автономный округ (архангельская область)": 1.1367777438429605,
  "чукотский автономный округ": 1.147486520660013,
  "республика ингушетия": 1.1944560076209965,
  "город федерального значения севастополь": 1.2212777164384823,
  "республика северная осетия-алания": 1.2478708344880245,
  "чеченская республика": 1.2704295604639626,
  "ханты-мансийский автономный округ - югра (тюменская область)": 1.3007260703700694,
  "республика адыгея (адыгея)": 1.3110920732444642,
  "карачаево-черкесская республика": 1.315148451068653,
  "магаданская область": 1.3311044731916981,
  "кабардино-балкарская республика": 1.3529621752082734,
  "камчатский край": 1.5266841054149811,
  "республика хакасия": 1.5462543371995234,
  "костромская область": 1.547448401753017,
  "амурская область": 1.5517539861028817,
  "ямало-ненецкий автономный округ (тюменская область)": 1.5609020817438917,
  "сахалинская область": 1.582695427765136,
  "курганская область": 1.587970170303356,
  "забайкальский край": 1.5941519858840605,
  "астраханская область": 1.603069376509276,
  "мурманская область": 1.610624358245787,
  "республика бурятия": 1.6343309469012013,
  "ивановская область": 1.642189678823158,
  "орловская область": 1.6451738468784611,
  "республика карелия": 1.6821753692524475,
  "кемеровская область - кузбасс": 1.692046172206779,
  "архангельская область (кроме ненецкого автономного округа)": 1.7028931230549216,
  "курская область": 1.7503736622832808,
  "республика дагестан": 1.751146621774131,
  "республика коми": 1.7793968325756235,
  "республика марий эл": 1.846488757825689,
  "псковская область": 1.9127411343297036,
  "новгородская область": 1.9632429704626408,
  "республика мордовия": 1.9682405765355937,
  "смоленская область": 2.0088536225985827,
  "республика крым": 2.020522612167293,
  "ульяновская область": 2.021188255176756,
  "кировская область": 2.0608010680965982,
  "пензенская область": 2.084927065724645,
  "хабаровский край": 2.0858538679894565,
  "республика саха (якутия)": 2.0871481802140313,
  "тамбовская область": 2.0937192509046247,
  "ставропольский край": 2.1011445517918568,
  "чувашская республика - чувашия": 2.1441029676010186,
  "калининградская область": 2.1738521080548043,
  "белгородская область": 2.1879839259049754,
  "омская область": 2.1923613380489027,
  "город москва столица российской федерации город федерального значения": 2.1963845153152466,
  "томская область": 2.199998466235912,
  "самарская область": 2.2196931611873314,
  "вологодская область": 2.2265314547282484,
  "алтайский край": 2.228445819971667,
  "удмуртская республика": 2.2396164629726965,
  "липецкая область": 2.2418632386508954,
  "брянская область": 2.250825963564632,
  "приморский край": 2.299869190381773,
  "тюменская область (кроме ханты-мансийского автономного округа-югры и ямало-ненецкого автономного округа)": 2.3560673643728784,
  "иркутская область": 2.3975212338042415,
  "красноярский край": 2.4088103807691894,
  "тверская область": 2.4213579884819247,
  "краснодарский край": 2.446268314851952,
  "ярославская область": 2.4609685153779193,
  "калужская область": 2.489808881790317,
  "рязанская область": 2.4939698947246045,
  "пермский край": 2.556164775592798,
  "город санкт-петербург город федерального значения": 2.564418138222737,
  "волгоградская область": 2.5744456268472047,
  "владимирская область": 2.580672760111462,
  "тульская область": 2.5970717523479867,
  "свердловская область": 2.605309851235527,
  "саратовская область": 2.6128132085491447,
  "оренбургская область": 2.618208183499288,
  "республика башкортостан": 2.6279452136258,
  "челябинская область": 2.6429295960342842,
  "ленинградская область": 2.692740430393536,
  "республика татарстан (татарстан)": 2.7339722153745547,
  "ростовская область": 2.7442958464389746,
  "воронежская область": 2.7586196563638334,
  "новосибирская область": 2.7749875486475255,
  "московская область": 2.8377978551353635,
  "нижегородская область": 2.9082355313682813
}