{
  "республика тыва": 1.0010993598730837,
  "еврейская автономная область": 1.0925562042482866,
  "республика алтай": 1.0954349664545513,
  "республика калмыкия": 1.119425869250059,
  "чукотский автономный округ": 1.151455854381738,
  "ненецкий автономный округ (архангельская область)": 1.154113608804708,
  "республика ингушетия": 1.24096094113894,
  "город федерального значения севастополь": 1.266386609717532,
  "республика северная осетия-алания": 1.2965474585542645,
  "чеченская республика": 1.3151166315174088,
  "магаданская область": 1.34820724367248,
  "ханты-мансийский автономный округ - югра (тюменская область)": 1.3614979987107398,
  "карачаево-черкесская республика": 1.3693824718971297,
  "республика адыгея (адыгея)": 1.3745953166318348,
  "кабардино-балкарская республика": 1.4162732123868587,
  "ямало-ненецкий автономный округ (тюменская область)": 1.563829298120189,
  "камчатский край": 1.5765192424304904,
  "кемеровская область - кузбасс": 1.5969128005019373,
  "республика хакасия": 1.6303823373580761,
  "амурская область": 1.6343111496494307,
  "костромская область": 1.6496774548355422,
  "сахалинская область": 1.6617721570341977,
  "забайкальский край": 1.6760488333088663,
  "мурманская область": 1.6847390198674117,
  "астраханская область": 1.6955407926617296,
  "республика бурятия": 1.7179676911309694,
  "курганская область": 1.7188226085055884,
  "курская область": 1.7694335671730277,
  "ивановская область": 1.7796997577201126,
  "орловская область": 1.7802105067043938,
  "архангельская область (кроме ненецкого автономного округа)": 1.7818208047015913,
  "республика карелия": 1.7860074697734358,
  "город москва столица российской федерации город федерального значения": 1.8422876054060702,
  "республика коми": 1.8613399025103559,
  "ульяновская область": 1.9115585533551034,
  "республика дагестан": 1.912724480470807,
  "омская область": 1.9140728919715093,
  "тамбовская область": 1.9922310709378774,
  "самарская область": 2.005772778220073,
  "республика марий эл": 2.0160879693928715,
  "удмуртская республика": 2.056267579282228,
  "ставропольский край": 2.0793285219878785,
  "псковская область": 2.0930553333497466,
  "республика мордовия": 2.1129715948456456,
  "новгородская область": 2.142333906877052,
  "кировская область": 2.1475084362623367,
  "пермский край": 2.154147134503391,
  "республика крым": 2.165549567982373,
  "хабаровский край": 2.1662777261514217,
  "смоленская область": 2.1907820716806374,
  "пензенская область": 2.205578091376422,
  "алтайский край": 2.2100299760882236,
  "вологодская область": 2.240460542406424,
  "республика саха (якутия)": 2.2510001720684953,
  "тюменская область (кроме ханты-мансийского автономного округа-югры и ямало-ненецкого автономного округа)": 2.2516951349421133,
  "красноярский край": 2.262206821692453,
  "чувашская республика - чувашия": 2.291262138831476,
  "приморский край": 2.2941996724022515,
  "ярославская область": 2.310668754676565,
  "калужская область": 2.331138416865436,
  "томская область": 2.3375624153625107,
  "саратовская область": 2.3423070730902555,
  "белгородская область": 2.358729155542668,
  "оренбургская область": 2.360442786602442,
  "калининградская область": 2.3894370129718077,
  "иркутская область": 2.3963160249341104,
  "свердловская область": 2.3989721085631217,
  "краснодарский край": 2.41187210520919,
  "липецкая область": 2.41489399971579,
  "воронежская область": 2.415473220120082,
  "республика татарстан (татарстан)": 2.4210727969615626,
  "брянская область": 2.43096842293445,
  "ростовская область": 2.4362585984934437,
  "челябинская область": 2.4483100647992577,
  "город санкт-петербург город федерального значения": 2.482655008051196,
  "республика башкортостан": 2.493988711774671,
  "волгоградская область": 2.5481025259401533,
  "рязанская область": 2.5615849854476602,
  "нижегородская область": 2.5978861391128736,
  "новосибирская область": 2.607450719621108,
  "тверская область": 2.610722135765746,
  "тульская область": 2.6550610336890674,
  "владимирская область": 2.67157820400257,
  "ленинградская область": 2.694583841838334,
  "московская область": 2.840402959510934
}