year, mi.I, mi.EI, mi.seI_norm, mi.z_norm, mi.p_norm
2009,-0.00554452313469,-0.011904761904761904,0.0668352293042,0.0951629677386,0.924185383918
2010,0.0179135835884,-0.011904761904761904,0.0668352293042,0.446147126353,0.655490973103
2011,0.0235752324859,-0.011904761904761904,0.0668352293042,0.530857674315,0.595517409997
2012,-0.0667516774981,-0.011904761904761904,0.0668352293042,-0.820628823517,0.41185772447
2013,-0.0739523428687,-0.011904761904761904,0.0668352293042,-0.928366396135,0.353217543467
2014,-0.0808308522313,-0.011904761904761904,0.0668352293042,-1.0312838161,0.302407745407
2015,-0.0766808040246,-0.011904761904761904,0.0668352293042,-0.969190093222,0.332450353031
2016,-0.0632675234117,-0.011904761904761904,0.0668352293042,-0.768498321045,0.442191187754
